{
    "average_precision": 0.8060078554943021,
    "average_recall": 0.8054752623855913,
    "average_f1_score": 0.801567504524559,
    "precision": [
        0.765625,
        0.9777777777777777,
        0.9,
        0.7923076923076924,
        0.8126984126984127,
        0.7311111111111112,
        0.7653846153846153,
        0.74375,
        0.6573809523809524,
        0.8411111111111111,
        0.6928571428571428,
        0.9166666666666666,
        0.8444444444444444,
        0.8888888888888888,
        0.7511111111111111,
        0.6476190476190476,
        0.7307692307692307,
        0.9111111111111111,
        0.5944444444444446,
        0.8767006802721088,
        0.6892857142857143,
        0.75,
        0.8476190476190477,
        0.7366666666666667,
        0.805952380952381,
        0.8826530612244898,
        0.75,
        0.84375,
        0.7822222222222223,
        0.8385416666666666,
        0.8125,
        0.8541666666666666,
        0.8452380952380951,
        0.8285714285714285,
        0.8392857142857143,
        0.8589743589743589,
        0.8214285714285714,
        0.78125,
        0.8770833333333333,
        0.75,
        0.6294642857142857,
        0.7142857142857143,
        0.8229166666666666,
        0.8767857142857143,
        0.6955555555555556,
        0.765625,
        0.9642857142857143,
        0.746031746031746,
        0.9523809523809523,
        0.703125,
        0.8666666666666667,
        0.8625,
        0.7833333333333333,
        0.7458333333333333,
        0.8673469387755102,
        0.90625,
        0.8622222222222221,
        0.7866666666666667,
        0.7738095238095237,
        0.8608630952380952,
        0.717948717948718,
        0.782051282051282,
        0.7755555555555556,
        0.8777777777777778,
        0.75,
        0.84375,
        0.8125,
        0.7026041666666667,
        0.8632478632478632,
        0.84375,
        0.9357142857142857,
        0.6166666666666667,
        0.8055555555555555,
        0.5666666666666667,
        0.8142857142857143,
        0.7884615384615384,
        0.73125,
        0.681547619047619,
        0.8571428571428571,
        0.7611111111111111,
        0.7791666666666667,
        0.8266666666666667,
        0.84375,
        0.7357142857142858,
        0.8779761904761905,
        0.7785714285714286,
        0.9777777777777777,
        0.8854166666666666,
        0.9494047619047619,
        0.7733333333333333,
        0.84375,
        0.8928571428571427,
        0.8416666666666667,
        0.8565079365079366,
        0.7777777777777779,
        0.8698717948717949,
        0.8444444444444444,
        0.7227891156462585,
        0.9166666666666666,
        0.7166666666666667,
        0.9358974358974359,
        0.8833333333333333,
        0.8,
        0.9523809523809524,
        0.8802083333333333,
        0.6846153846153846,
        0.8452380952380951,
        0.8711111111111111,
        0.7515873015873016,
        0.7785714285714286,
        0.8828282828282829,
        0.6339285714285714,
        0.7200000000000001,
        1.0,
        0.8541666666666666,
        0.8416666666666667,
        0.734375,
        0.7976190476190477,
        0.869047619047619,
        0.75,
        0.8916666666666667,
        0.6766666666666666,
        0.8,
        0.8196428571428571,
        0.8904761904761905,
        0.7261904761904762,
        0.8928571428571429,
        0.8125,
        0.7395833333333333,
        0.86,
        0.611111111111111,
        0.7592592592592593,
        0.84375,
        0.7952380952380952,
        0.9,
        0.8200000000000001,
        0.5564102564102564,
        0.7976190476190476,
        0.9142857142857144
    ],
    "recall": [
        0.7916666666666666,
        0.9777777777777777,
        0.9,
        0.8076923076923077,
        0.8126984126984127,
        0.7311111111111112,
        0.7653846153846153,
        0.7708333333333333,
        0.6557936507936508,
        0.87,
        0.6816666666666666,
        0.8944444444444444,
        0.8666666666666667,
        0.8444444444444444,
        0.7333333333333333,
        0.6476190476190476,
        0.7051282051282051,
        0.8722222222222221,
        0.6211111111111111,
        0.8869047619047619,
        0.6785714285714286,
        0.7291666666666666,
        0.8222222222222223,
        0.7266666666666667,
        0.8238095238095238,
        0.8826530612244898,
        0.76875,
        0.8125,
        0.7933333333333333,
        0.8260416666666667,
        0.8125,
        0.8625,
        0.8333333333333334,
        0.7962585034013605,
        0.8392857142857143,
        0.8974358974358974,
        0.9047619047619048,
        0.78125,
        0.8333333333333333,
        0.685897435897436,
        0.675,
        0.6547619047619049,
        0.8229166666666666,
        0.8875,
        0.6888888888888888,
        0.765625,
        0.9642857142857143,
        0.7579365079365079,
        0.9166666666666666,
        0.7395833333333333,
        0.8333333333333334,
        0.8625,
        0.819047619047619,
        0.7552083333333334,
        0.8612244897959184,
        0.8854166666666667,
        0.8722222222222221,
        0.7633333333333333,
        0.7857142857142857,
        0.8697916666666666,
        0.7820512820512822,
        0.782051282051282,
        0.8222222222222222,
        0.8777777777777778,
        0.75,
        0.84375,
        0.7625,
        0.6807291666666666,
        0.8632478632478632,
        0.8333333333333333,
        0.9107142857142857,
        0.6166666666666667,
        0.8263888888888888,
        0.6,
        0.8857142857142858,
        0.8461538461538461,
        0.728125,
        0.6904761904761905,
        0.8571428571428571,
        0.7263888888888889,
        0.8020833333333333,
        0.8425925925925927,
        0.8541666666666666,
        0.7119047619047619,
        0.9300595238095238,
        0.7511111111111111,
        0.9777777777777777,
        0.90625,
        0.9270833333333334,
        0.7955555555555556,
        0.859375,
        0.8869047619047619,
        0.837037037037037,
        0.8231746031746032,
        0.7777777777777779,
        0.8814102564102563,
        0.8222222222222222,
        0.7585034013605442,
        0.925,
        0.6522222222222224,
        0.9358974358974359,
        0.8833333333333333,
        0.8153846153846155,
        0.9200680272108844,
        0.8635416666666667,
        0.7230769230769231,
        0.8333333333333334,
        0.8666666666666667,
        0.7082539682539682,
        0.7761904761904762,
        0.8935042735042735,
        0.6339285714285714,
        0.7785714285714286,
        1.0,
        0.8125,
        0.8555555555555556,
        0.734375,
        0.7345238095238095,
        0.9285714285714286,
        0.7395833333333334,
        0.8833333333333333,
        0.6666666666666666,
        0.8333333333333334,
        0.8375,
        0.8285714285714285,
        0.694047619047619,
        0.9047619047619048,
        0.8046875,
        0.7270833333333333,
        0.86,
        0.5972222222222222,
        0.7476190476190477,
        0.83125,
        0.7535714285714284,
        0.8888888888888888,
        0.84,
        0.5641025641025641,
        0.7976190476190476,
        0.9285714285714286
    ],