{
    "average_precision": 0.8250794076462131,
    "average_recall": 0.8200021575433004,
    "average_f1_score": 0.8199737144227058,
    "precision": [
        0.8837209302325582,
        0.7959183673469388,
        1.0,
        0.8,
        0.7407407407407407,
        0.8636363636363636,
        0.6060606060606061,
        0.9583333333333334,
        0.8809523809523809,
        0.8125,
        0.8695652173913043,
        0.9583333333333334,
        0.7878787878787878,
        0.7241379310344828,
        0.7346938775510204,
        0.8387096774193549,
        0.7777777777777778,
        0.6538461538461539,
        0.8648648648648649,
        0.8484848484848485,
        0.8775510204081632,
        0.8,
        0.6666666666666666,
        0.8888888888888888,
        0.9555555555555556,
        0.8157894736842105,
        0.8181818181818182,
        0.9148936170212766,
        0.7714285714285715,
        0.8409090909090909,
        0.88,
        0.9,
        0.7,
        0.75,
        0.9487179487179487,
        0.8076923076923077,
        0.9411764705882353,
        0.8,
        0.7272727272727273,
        0.7575757575757576,
        0.8,
        0.9285714285714286,
        0.6666666666666666,
        0.7948717948717948,
        0.8974358974358975,
        0.8611111111111112,
        0.9473684210526315,
        0.896551724137931,
        0.6170212765957447,
        0.7567567567567568,
        0.8125,
        0.7096774193548387,
        0.775,
        0.8333333333333334,
        0.8709677419354839,
        0.84375,
        0.7878787878787878,
        0.7073170731707317,
        0.8571428571428571,
        0.7142857142857143,
        0.8823529411764706,
        0.7,
        0.8928571428571429,
        0.9444444444444444,
        0.8928571428571429,
        0.8461538461538461,
        0.75,
        1.0,
        0.8611111111111112,
        0.7142857142857143,
        0.8809523809523809,
        0.8076923076923077,
        0.85,
        0.8181818181818182,
        0.8055555555555556,
        0.9090909090909091,
        0.6774193548387096,
        0.7428571428571429,
        0.7391304347826086,
        0.7586206896551724,
        0.9285714285714286,
        0.8064516129032258,
        0.75,
        0.8709677419354839,
        0.8484848484848485,
        0.84,
        0.9642857142857143,
        0.7837837837837838,
        0.9166666666666666,
        0.7647058823529411,
        0.8571428571428571,
        0.7959183673469388,
        0.8378378378378378,
        0.8823529411764706,
        0.9411764705882353,
        0.90625,
        0.8235294117647058,
        0.76,
        0.75,
        0.7857142857142857,
        0.875,
        0.8918918918918919,
        0.9166666666666666,
        0.7058823529411765,
        0.8108108108108109,
        0.9032258064516129,
        0.8055555555555556,
        0.7,
        0.8787878787878788,
        0.8648648648648649,
        0.7380952380952381,
        0.8723404255319149,
        0.7142857142857143,
        0.7777777777777778,
        0.8,
        0.9333333333333333,
        0.775,
        0.7878787878787878,
        0.875,
        0.8888888888888888,
        0.7714285714285715,
        0.8275862068965517,
        0.8571428571428571,
        0.8709677419354839,
        0.9230769230769231,
        0.8,
        0.88,
        0.8571428571428571,
        0.8787878787878788,
        0.8518518518518519,
        0.8,
        0.875,
        0.8888888888888888,
        0.7083333333333334,
        0.7352941176470589,
        0.8333333333333334,
        0.8421052631578947,
        0.75,
        0.9285714285714286,
        0.88,
        0.7333333333333333
    ],
    "recall": [
        0.95,
        0.8863636363636364,
        0.9333333333333333,
        0.875,
        0.8,
        1.0,
        0.7142857142857143,
        0.8518518518518519,
        0.9487179487179487,
        0.8387096774193549,
        0.8888888888888888,
        0.8518518518518519,
        0.8387096774193549,
        0.9545454545454546,
        0.6545454545454545,
        0.896551724137931,
        0.84,
        0.5483870967741935,
        0.9411764705882353,
        0.9032258064516129,
        0.86,
        0.75,
        0.7741935483870968,
        0.8,
        0.9148936170212766,
        1.0,
        0.8181818181818182,
        0.86,
        0.8181818181818182,
        0.8222222222222222,
        0.8461538461538461,
        0.7714285714285715,
        0.7777777777777778,
        0.9,
        0.8222222222222222,
        0.8076923076923077,
        0.8421052631578947,
        0.8235294117647058,
        0.7741935483870968,
        0.8620689655172413,
        0.8571428571428571,
        0.7878787878787878,
        0.7368421052631579,
        0.8157894736842105,
        0.813953488372093,
        0.8611111111111112,
        0.9473684210526315,
        0.7878787878787878,
        0.6904761904761905,
        0.8484848484848485,
        0.8125,
        0.7586206896551724,
        0.9393939393939394,
        0.8571428571428571,
        0.9,
        0.8181818181818182,
        0.7428571428571429,
        0.725,
        0.8780487804878049,
        0.7407407407407407,
        0.8823529411764706,
        0.5675675675675675,
        0.9259259259259259,
        0.918918918918919,
        0.9615384615384616,
        0.8461538461538461,
        0.75,
        1.0,
        0.96875,
        0.6666666666666666,
        0.7872340425531915,
        0.6363636363636364,
        0.8947368421052632,
        0.8181818181818182,
        0.8787878787878788,
        0.6,
        0.6363636363636364,
        0.7428571428571429,
        0.7727272727272727,
        0.8148148148148148,
        0.896551724137931,
        0.8333333333333334,
        0.6818181818181818,
        0.8181818181818182,
        0.9333333333333333,
        0.65625,
        1.0,
        0.8285714285714286,
        0.8918918918918919,
        0.9285714285714286,
        0.75,
        0.9069767441860465,
        0.9393939393939394,
        0.9090909090909091,
        0.7804878048780488,
        1.0,
        0.8,
        0.926829268292683,
        0.75,
        0.7096774193548387,
        0.813953488372093,
        0.8048780487804879,
        1.0,
        0.631578947368421,
        0.7142857142857143,
        0.875,
        0.8055555555555556,
        0.8076923076923077,
        0.8055555555555556,
        0.8205128205128205,
        0.6595744680851063,
        0.82,
        0.6521739130434783,
        0.6363636363636364,
        0.8571428571428571,
        0.9333333333333333,
        0.7045454545454546,
        0.7878787878787878,
        0.9655172413793104,
        0.9230769230769231,
        0.627906976744186,
        0.9230769230769231,
        0.8571428571428571,
        0.6923076923076923,
        0.8780487804878049,
        0.6896551724137931,
        0.9166666666666666,
        0.9473684210526315,
        0.7837837837837838,
        0.8846153846153846,
        0.5925925925925926,
        0.9130434782608695,
        0.7111111111111111,
        0.7727272727272727,
        0.8620689655172413,
        0.7777777777777778,
        0.8421052631578947,
        0.7272727272727273,
        0.8125,
        0.6875,
        0.6111111111111112
    ],