{
    "average_precision": 0.8466354739650764,
    "average_recall": 0.8100851425895439,
    "average_f1_score": 0.8110206382521641,
    "precision": [
        0.8642857142857142,
        0.9615384615384616,
        0.8523809523809524,
        0.7414965986394558,
        0.7884615384615384,
        0.7677777777777777,
        0.8846153846153846,
        0.9404761904761905,
        0.814102564102564,
        0.7916666666666666,
        0.9023809523809524,
        0.8115384615384615,
        0.9487179487179487,
        0.7470238095238094,
        0.9166666666666666,
        0.7604166666666666,
        0.8333333333333334,
        0.7833333333333333,
        0.8115384615384615,
        0.8958333333333334,
        0.875,
        0.9265873015873016,
        0.8452380952380951,
        0.8273809523809523,
        0.875,
        0.8214285714285714,
        1.0,
        0.9166666666666667,
        0.9666666666666667,
        0.7708333333333334,
        0.8555555555555555,
        0.8472222222222222,
        0.8461538461538461,
        0.8111111111111111,
        0.9294871794871794,
        0.861111111111111,
        0.8488888888888889,
        0.8635897435897436,
        0.8095238095238094,
        0.8589743589743589,
        1.0,
        0.8777777777777778,
        0.9171768707482993,
        0.9375,
        0.7521367521367522,
        0.9722222222222222,
        0.8060606060606061,
        0.9285714285714286,
        0.8452380952380951,
        0.8095238095238094,
        0.8782051282051282,
        0.7916666666666666,
        0.875,
        0.8869047619047619,
        0.975,
        0.8041310541310541,
        0.9,
        0.8358974358974359,
        0.9897959183673469,
        0.8071428571428572,
        0.861111111111111,
        0.9007936507936508,
        0.7777777777777778,
        0.6727777777777778,
        0.8282051282051281,
        0.7712585034013605,
        0.9107142857142857,
        0.8787878787878788,
        0.7435897435897435,
        0.8928571428571429,
        0.6849206349206349,
        0.95,
        0.8128205128205128,
        0.8291666666666666,
        0.7916666666666665,
        0.770408163265306,
        0.9192307692307692,
        0.9047619047619048,
        0.9055555555555554,
        0.75,
        0.8972222222222221,
        0.863095238095238,
        0.7222222222222222,
        0.9230769230769231,
        0.7172619047619048,
        0.886904761904762,
        0.8928571428571429,
        0.9140625,
        0.8,
        0.8035714285714286,
        0.9523809523809524,
        0.7838541666666666,
        0.6538461538461539,
        0.6593406593406593,
        0.9421768707482994,
        0.8692307692307693,
        0.7777777777777778,
        1.0,
        0.7628205128205128,
        0.8461538461538461,
        0.7976190476190476,
        0.7395833333333334,
        0.9583333333333334,
        0.8777777777777778,
        0.8153846153846154,
        0.9295918367346939,
        0.8472222222222222,
        0.7850340136054422,
        0.7380952380952381,
        0.9375,
        0.8273809523809523,
        0.875,
        0.8977272727272727,
        0.9166666666666666,
        0.9555555555555556,
        0.8452380952380951,
        0.7733333333333333,
        0.7673992673992674,
        0.8541666666666666,
        0.8269230769230768,
        0.8777777777777778,
        0.834375,
        0.6277777777777778,
        0.9333333333333333,
        1.0,
        0.9642857142857143,
        0.7321428571428571,
        0.8472222222222222,
        0.8257575757575757,
        0.9846153846153847,
        0.9513888888888888,
        0.8166666666666667,
        0.8777777777777778,
        0.8222222222222223,
        0.6726190476190477,
        0.7948717948717949,
        0.6914285714285714,
        0.8076923076923077,
        0.8958333333333333,
        0.7965986394557822,
        0.6974358974358974,
        0.8166666666666668
    ],
    "recall": [
        0.7619047619047619,
        0.9102564102564101,
        0.8888888888888888,
        0.7023809523809524,
        0.8333333333333333,
        0.7833333333333333,
        0.8653846153846154,
        0.9083333333333333,
        0.8500000000000001,
        0.7159863945578231,
        0.8547619047619047,
        0.8153846153846154,
        0.9076923076923078,
        0.8071428571428572,
        0.8452380952380952,
        0.8541666666666666,
        0.7884615384615384,
        0.767936507936508,
        0.8333333333333333,
        0.9166666666666666,
        0.7527777777777778,
        0.9,
        0.8363095238095238,
        0.7202380952380951,
        0.8680555555555555,
        0.8285714285714285,
        0.9,
        0.869047619047619,
        0.85,
        0.75,
        0.8644444444444445,
        0.7569444444444443,
        0.9230769230769231,
        0.8688888888888889,
        0.8717948717948717,
        0.8888888888888888,
        0.8757142857142857,
        0.9028571428571428,
        0.8273809523809523,
        0.8846153846153846,
        0.8833333333333333,
        0.8101010101010101,
        0.9107142857142857,
        0.8958333333333333,
        0.8615384615384615,
        0.9722222222222222,
        0.7721445221445222,
        0.8129251700680271,
        0.8047619047619047,
        0.7976190476190476,
        0.8153846153846154,
        0.7326388888888888,
        0.809375,
        0.8142857142857143,
        0.8864583333333333,
        0.7923076923076924,
        0.8287037037037037,
        0.7987179487179487,
        0.858843537414966,
        0.7321428571428571,
        0.7766666666666666,
        0.8555555555555555,
        0.7022222222222222,
        0.6986324786324787,
        0.8406593406593407,
        0.7422619047619047,
        0.8119047619047619,
        0.712121212121212,
        0.7307692307692307,
        0.7833333333333333,
        0.6849206349206349,
        0.8855555555555555,
        0.7750915750915751,
        0.7742559523809524,
        0.7678571428571428,
        0.7095238095238096,
        0.8192307692307692,
        0.819047619047619,
        0.89,
        0.75,
        0.861111111111111,
        0.8583333333333333,
        0.6333333333333333,
        0.8205128205128205,
        0.6904761904761905,
        0.8273809523809524,
        0.8452380952380951,
        0.8767361111111112,
        0.7833333333333333,
        0.7491496598639457,
        0.755952380952381,
        0.8590277777777777,
        0.6128205128205128,
        0.6076923076923078,
        0.9226190476190476,
        0.8461538461538461,
        0.7044444444444444,
        0.8571428571428571,
        0.6858974358974359,
        0.75,
        0.7619047619047619,
        0.671875,
        0.875,
        0.8777777777777778,
        0.7435897435897435,
        0.8571428571428571,
        0.8055555555555557,
        0.8428571428571429,
        0.6875,
        0.8819444444444443,
        0.869047619047619,
        0.9583333333333334,
        0.7416666666666667,
        0.9111111111111111,
        0.9833333333333334,
        0.8235930735930737,
        0.7333333333333333,
        0.7269230769230769,
        0.8541666666666666,
        0.8589743589743589,
        0.85,
        0.884375,
        0.6041666666666666,
        0.92,
        0.9393939393939394,
        0.9047619047619048,
        0.7738095238095237,
        0.7638888888888888,
        0.6807359307359306,
        0.9205128205128206,
        0.8541666666666666,
        0.8555555555555555,
        0.8833333333333333,
        0.7933333333333333,
        0.630952380952381,
        0.7326007326007326,
        0.5922222222222222,
        0.6641025641025641,
        0.8697916666666666,
        0.8273809523809523,
        0.6333333333333333,
        0.7708333333333334
    ],